{
  "train_losses": [
    0.18258534867784296,
    0.00502308938198225,
    0.0018667718223601387,
    0.0008946335472741413,
    0.0004714914028097885,
    0.00024999560263061195,
    0.0001382866854800276,
    7.700397201625052e-05,
    4.265935441133442e-05,
    2.558947369915261e-05,
    1.4532581308827127e-05,
    8.361377333159357e-06,
    5.132303856958552e-06,
    3.1090340760133875e-06,
    2.2190685522361463e-06,
    1.1627543355852974e-06,
    6.725148093821168e-07,
    4.6233150844615465e-07,
    2.59662242388035e-07,
    1.7005665392210313e-07,
    1.247120563954125e-07,
    6.716257674848703e-08,
    4.409339372294734e-08,
    3.191272353792907e-08,
    2.5194964192721565e-08,
    1.951683028424253e-08
  ],
  "val_losses": [
    0.0037143487591019347,
    0.0011014169157090143,
    0.0005261702307890562,
    0.00028389433432757195,
    0.00017466422473224772,
    9.339664037056048e-05,
    6.005197901535858e-05,
    2.9938108811680756e-05,
    1.5531924505049868e-05,
    8.831317247373695e-06,
    5.096270318190814e-06,
    3.520600895991107e-06,
    2.8056230405582028e-06,
    1.6568492788070773e-06,
    9.686098005724775e-07,
    5.425097273967251e-07,
    6.909056121267719e-07,
    2.7912339914691434e-07,
    2.6028380321494936e-07,
    1.2849381975466677e-07,
    5.4581034756141774e-08,
    3.728148673477015e-08,
    2.479581480269946e-08,
    1.9010487388598006e-08,
    1.2848667537637303e-08,
    8.981081515761734e-09
  ]
}